N3336373J,Damián,Arcos,Diez,1675335469,32052
X5268642D,Loida,Boix,Benito,1604074279,46545
Y9224392A,Ágata,Berrocal,Izaguirre,1325439776,53654
Z0951100D,Modesto,Castro,Miranda,1663805006,44016
20089217M,Elisa,Aroca,Pou,1565621503,55107
V9470440J,Ramón,Moliner,Lluch,1345109650,38679
Z8666405X,Curro,Ávila,Peñalver,1596506298,30479
R6601545D,Abraham,Bosch,Pereira,1513743341,26628
63593005Y,Carmina,Torralba,Acuña,1625076929,47012
09278906Q,Calisto,Pereira,Gabaldón,1350987461,47696
S4294180G,Caridad,Reguera,Almazán,1682450748,45309
Z1365483R,Olivia,Galán,Durán,1682372948,31862
Y7907922F,Valentina,Torre,Rodríguez,1361245333,25890
72923960E,Amaya,Guzmán,Carranza,1673353378,25798
Q0445990E,Borja,Ruano,Quero,1354573574,24452
Y6935083E,Genoveva,Múgica,Calleja,1650589569,46947
P1365546I,Chita,Badía,Varela,1636981681,53828
Z6884410D,Paula,Cadenas,Varela,1485483585,36752
Q3942754G,Jacinta,Perea,Luque,1609993196,55377
V9940011A,Gil,Berenguer,Hernandez,1503768633,41529
Y0128025K,María Teresa,Camps,Marcos,1404662943,43386
75914732N,Felicia,Jover,Farré,1552336609,54256
X6101909D,Cristina,Arnau,Ureña,1323639249,20146
Y7937847D,Jonatan,Llamas,Gordillo,1327002874,25047
Z1431180X,Eulalia,Galiano,Conesa,1377625042,56483
Z5351189Z,Javier,Mateo,Canet,1533386035,25564
95151097M,Noa,Angulo,Ojeda,1355854736,55657
Z0348399T,Amada,Machado,Téllez,1352730172,29974
Z7938748G,Curro,Riba,Múgica,1432708787,39415
48559998Y,Abel,Lerma,Niño,1660201048,33336
N6565222D,Osvaldo,Cáceres,Caballero,1267172002,23910
H55948046,Priscila,Fernández,Pujadas,1487603663,22310
Q3682758B,Marcelino,Perelló,Infante,1657285877,58940
90918441Q,Reinaldo,Villanueva,Sáenz,1517575801,58313
38516791W,Olivia,Velázquez,Yáñez,1595523317,36151
90252752Q,Carmelita,Arjona,Pina,1315211042,30643
Y2906945N,Conrado,Pérez,Grande,1420311338,40117
Z4801799W,Charo,Cabrera,Rosales,1603579614,25335
05125459R,Ricarda,Pla,Seco,1421808106,45120
Y3013225D,Juan Manuel,Arias,Rosales,1577232101,28859
Y1395667H,Ulises,Jurado,Morata,1648117640,50942
52653537M,Melisa,Barral,Vendrell,1421547201,28196
R8271291J,Alberto,Sandoval,Posada,1266970532,28268
Y1965338W,Marc,Ferrández,Gilabert,1466840533,50490
41782095L,Eleuterio,Pulido,Pazos,1464554255,44385
E73298879,Isaura,Landa,Guerra,1286929147,58488
F5528122D,Maristela,Izquierdo,Perera,1549372436,47396
X6214925A,Graciela,Mosquera,Sola,1504170929,48871
Z4770390B,Sergio,Castilla,Hurtado,1675242374,33112
05401500L,Ágata,Olivares,Jordán,1487715239,20348
F8525565A,Adoración,Rojas,Vall,1309573721,55639
P9497125F,Tadeo,Pallarès,Merino,1374620179,32281
63475266G,Florina,Bejarano,Marin,1502274014,43984
X6916586A,Maximiliano,Bas,Macías,1641274074,24622
D26976654,Florina,Acedo,Cardona,1267745726,57000
Y4813552B,Carla,Cueto,Guijarro,1504437086,43378
R3046574D,Camilo,Gomis,Blazquez,1542199011,48566
80498063H,Berto,Sainz,Mendez,1654993325,57043
60158177K,Marc,Mesa,Cabeza,1287069938,40344
87547199E,Lucía,Gilabert,Moreno,1358116857,39760
E77776516,Cipriano,Bonet,Palacios,1638957959,53079
36391291R,Atilio,Nieto,Cabañas,1508294335,59490
X1959783E,Benigno,Bravo,Carrasco,1278124699,38134
E76737832,Pascual,Pineda,Verdú,1601906417,33908
X0705939T,Alba,Plaza,Alcalde,1648632639,48516
Z7948981W,Pili,Luís,Ferrán,1559429685,25752
78487998S,Jovita,Frías,Alberdi,1438207900,25565
98573260K,Inocencio,Rius,Segura,1638269107,30844
52385703Y,Pilar,Gallo,Clemente,1444949237,24526
N5823054A,Judith,Tudela,Quintana,1666083249,41898
05519863R,Chus,Gascón,Ricart,1416020655,45072
70693876H,Selena,Vázquez,Cano,1497191877,55599
26487121E,Wilfredo,Cantero,Miguel,1627715693,21954
Y9117017S,Marianela,Huerta,Ferrández,1592408645,20438
H55380570,Conrado,Muñoz,Bernat,1395928056,48501
Z0515099L,Vinicio,Rodrigo,Araujo,1486934778,53796
U9280219H,Yolanda,Iglesia,Blasco,1399017193,46129
96867199P,Luis,Sáenz,Olivares,1427858809,32846
J8400524H,Xiomara,Gutierrez,Coloma,1296152178,48055
X3236844P,Sebastian,Palacio,Hervia,1533534909,44414
N7225052E,Óscar,Osuna,Abril,1572291666,20380
Q6079091B,Olga,Ortuño,Cózar,1447361211,45505
68467339L,Asdrubal,Torrent,Lucena,1394866356,25143
82002650Z,Joel,Pou,Feijoo,1398560584,51209
V9960455E,Noelia,Infante,Rovira,1517557770,41459
32093647E,Nicolasa,Bayo,Pera,1388854467,38513
X9330313H,Jose,Lluch,Cobo,1624580928,24429
H78350956,Manu,Benet,Bello,1675176584,32520
00481834F,Joel,Morante,Adadia,1581249730,20317
21911077N,Oriana,Moraleda,Jara,1517757872,37626
96978139L,Cayetana,Pinto,Heras,1450612278,24929
S3467367C,Felicia,Vigil,Carranza,1665907499,20467
X2280842R,Silvestre,Vaquero,Correa,1461040378,31965
11041365P,Fabiana,Benavent,Goicoechea,1602618032,51568
87492011B,Jennifer,Tena,Valenzuela,1675498110,42614
C71439616,Javiera,Nevado,Vidal,1637733986,58318
39907431Q,Flavio,Baquero,Estrada,1365340029,23105
G88706197,Rosa,Peña,Pomares,1586577190,44002
06117142Q,América,Pera,Cerro,1672579934,23479
99423749Q,Carmela,Vega,Benet,1503425570,51670
Y4269914R,Norberto,Vicens,Uribe,1449232630,56048
A53398061,Evelia,Aragonés,Folch,1597537761,23349
U9981927H,Calisto,Luque,Cortes,1549522937,21242
87690653W,Amparo,Acero,Osuna,1474242448,58608
H18098012,Narciso,Bayón,Murillo,1442878439,32821
47516448N,Chuy,Manso,Verdugo,1348731886,32754
96103965Y,Lucas,Solano,Rodríguez,1614714043,47785
A15441538,Rita,Pombo,Garcés,1556705842,32311
21685561B,Regina,Castañeda,Lucena,1525994247,41283
25701934D,Lupe,Rozas,Moll,1651298968,48563
79562974V,Mirta,Díez,Estévez,1515427919,24296
B74871690,Paloma,Mateo,Berenguer,1548601470,46604
Z0176770C,Diego,Capdevila,Otero,1617865518,43689
H03960390,Candelaria,Morata,Torres,1678873380,35722
Z9063015P,Miriam,Morales,Cabrero,1604088924,59858
F1114325B,Carmen,Tomé,Mesa,1472920464,30662
93973420C,Humberto,Checa,Campo,1491286578,53162
U8854156J,Lorena,Arias,Gonzalo,1642581369,55584
G26687368,Luciano,Cortés,Frutos,1455263592,30356
Y5191019W,Óscar,Donoso,Pablo,1704060342,29648
36467789R,Marisa,Pinilla,Abellán,1357335938,30761
A55506174,Esmeralda,Español,Vicente,1413225289,30151
21724671K,Juan José,Mir,Mur,1615410054,41695
E21773999,María,Yáñez,Cantero,1492633868,20245
36442182Q,Jenny,Plana,Blazquez,1499214750,59641
S8197168A,Diana,Carvajal,Valcárcel,1642356063,46343
Y4997652L,Leticia,Vergara,Berenguer,1323017486,53400
S6450646B,Débora,Sevillano,Castell,1311237873,43915
41806501E,Lino,Castellanos,Flor,1478978345,54769
85023339K,Malena,Pla,Recio,1262936094,20854
Q6059674I,Régulo,Mosquera,Planas,1382451965,43058
X0442745H,Ruth,Prats,Casanovas,1311522795,23996
09729031P,Belén,Laguna,Expósito,1487723679,40764
X1749453G,Nicolasa,Carranza,Escalona,1558349884,53513
A82852864,Pastor,Aller,Luís,1559877402,41559
W4480062A,Rosenda,Cárdenas,Cuesta,1357797712,26144
U4750387E,Samuel,Soto,Aragón,1308445293,28399
C77987725,Esteban,Cal,Feliu,1431427888,47077
Z7207783W,Urbano,Carreras,Planas,1390490488,55551
D57836736,Manu,Coll,Cifuentes,1537513211,46296
Z5989749W,Antonio,Real,Castells,1644621341,30495
U3430389A,Rosalinda,Galiano,Espinosa,1520731642,37946
P6942358J,Adrián,Gargallo,Martínez,1589783913,25333
00598101D,José María,Vara,Bou,1410340101,32610
X0949772X,Perlita,Correa,Tomé,1435337572,20224
Q6731957D,Severo,Cañas,Gelabert,1693389710,57217
V1903900G,Ofelia,Mir,Acedo,1685670341,53223
A65918567,Rosenda,Olivé,Morata,1486444950,31109
Y5554354Y,Martin,Vilanova,Castellanos,1353515209,35684
Y3271660Q,Onofre,Cánovas,Menéndez,1571015639,28129
11029287M,Augusto,Sanmartín,Batalla,1584157233,48868
Y7973466R,Abel,Alberdi,Cuenca,1414233921,27346
U9944070C,Fátima,Mendizábal,Campoy,1296008176,48103
X2965250K,Berto,Murcia,Briones,1701358214,29903
Y2872474H,Guiomar,Hoyos,Franco,1651365564,57679
Y3728481B,Virginia,Mariscal,Agustí,1453981351,23253
35518507K,Lupe,Nuñez,Peña,1429879069,43579
X6797467R,Abigaíl,Sanjuan,Miró,1606169957,44145
Y6859672M,Florencia,Rocamora,Marco,1460292165,32328
06829623A,Cipriano,Escribano,Mayoral,1691957267,33151
Y9745406K,Catalina,Trujillo,Duarte,1329100065,51196
Y2600362L,Adalberto,Correa,Aranda,1606404231,25228
31289137Y,Juanita,Rosado,Luz,1615554010,26310
Q9315086J,Nicolasa,Izaguirre,Larrea,1563951304,55320
Z7468360N,Roxana,Prats,Toro,1528689680,58246
16969719C,Natalia,Alfaro,Borrás,1358198364,42110
74238924F,Ruy,Ferrándiz,Mate,1272283120,24792
J5711195G,Borja,Campos,Mariño,1626912733,46885
Z4972309J,Valentina,Vendrell,Tomas,1613124835,20535
12157733W,Felicidad,Landa,Cuéllar,1475637602,28341
U8547194D,Dorita,Cuesta,Valera,1541478822,59058
P8303829I,Crescencia,Falcó,Berrocal,1682775386,42714
P2943336D,Nilda,Menendez,Pallarès,1303309921,52636
09442767W,Vicente,Vaquero,Rovira,1496451678,49952
33164668W,Vasco,Pérez,Montserrat,1284852892,46172
F2476981B,Fortunata,Roura,Paz,1489646859,58916
P2480037G,Adela,Silva,Avilés,1537662352,39020
Z9920289A,Rosalina,Ayuso,Puig,1335460893,23263
Z8610664K,Bernardino,Hernando,Hurtado,1554844591,44539
Q4685802C,Goyo,Amores,Fiol,1420041410,37363
95983258A,Carmen,Mosquera,Palacios,1598293587,50624
74801373Z,Saturnino,Arrieta,Becerra,1694914920,20826
Y7023704R,Micaela,Tur,Acosta,1570310762,43218
X2051237M,Isaac,Soto,Puga,1596161017,34331
U2621115A,Agustina,Pintor,Casares,1388783822,34031
H50436922,Imelda,Catalá,Segura,1369851320,33404
99001512J,Fidela,Segarra,Palomino,1614483777,20182
Y8181576F,Nuria,Codina,Aguirre,1401818480,42733
Y9717063Z,Piedad,Pelayo,Duarte,1562309412,55935
Z6749408V,Salomón,Alfonso,Garriga,1329839678,40745
89093870N,Fidela,Exposito,Lluch,1359905521,46901
D03871464,Macaria,Coloma,Oller,1627167731,41082
Z6372495M,Eloy,Jiménez,Ariño,1283232124,51138
X0795826A,Dan,Guzman,Garrido,1491390463,48568
32969852L,Vanesa,Polo,Albero,1406475069,26536
N0742739F,Lope,Solana,Martorell,1329638228,21636
S5348283B,Emelina,Iriarte,Egea,1579800254,34630
S4767488B,Nando,Lozano,Buendía,1612876631,37763
G58948456,Amado,Lladó,Viñas,1375407700,28358
07719081M,Julio César,Jurado,Montserrat,1302247882,46179
Z1319257M,Germán,Solé,Bustamante,1524977021,50601
X7806315T,Sergio,Cortés,Olivares,1591457651,23526
H85433530,Valentín,Nieto,Perelló,1650112291,38902
84087543A,Teresa,Llorens,Botella,1279375978,32690
22727589R,Inés,Carreras,Arranz,1323665110,25441
X0936636F,Lola,Fernández,Cózar,1638918272,29942
Z6045426L,Eliana,Herrero,Isern,1562809836,53926
23057101S,Gema,Nicolás,Mayol,1581010963,36419
92701053J,Donato,Sarmiento,Marco,1323842292,22538
12476855E,Rosario,Nebot,Delgado,1648113806,52472
Z1408097L,Andrea,Vilanova,Jordán,1264081044,44089
91923113W,Febe,Fonseca,Pardo,1542764066,30131
D11885779,Susanita,Alba,Reguera,1425370741,28208
S2373897D,Lino,Villa,Nuñez,1264315051,36398
X1868208X,Amílcar,Mayoral,Carranza,1351407892,31762
Y0000958Y,Jimena,Diéguez,Villena,1629559799,20067
Z0723081N,Ricardo,González,Alfaro,1571364208,40420
V5260271A,Dafne,Marqués,Carreras,1478570450,47890
18471493D,Socorro,Tolosa,Tamayo,1308113482,53306
57150698E,Demetrio,Montes,Bárcena,1565404033,26750
33651707Q,Paula,Escribano,Garmendia,1607061851,38460
96464150B,Samuel,Cuadrado,Carro,1655597678,33883
X2262854E,Isabela,Ballester,Valls,1288141039,29353
Y3983065P,Piedad,Madrigal,Serna,1632621765,36087
14509850R,Paula,Arribas,Roura,1582432977,29826
G26936039,Nélida,Aramburu,López,1569157021,55850
37562038W,Constanza,Barrios,Redondo,1338059888,42661
B21347828,Edmundo,Barberá,Zurita,1675710032,28608
D43956945,Trini,Angulo,Cañas,1266014835,32443
Y7377440C,Eladio,Palomares,Gallart,1503975882,58228
E41669573,Begoña,Contreras,Blasco,1659453213,21514
11890294F,Olegario,España,Cal,1368789161,41141
W6181451C,Rita,Fiol,Lucena,1571255069,54289
C45405131,Ximena,Escudero,Tamarit,1434649910,50704
Y2865032M,Ana Sofía,Palacio,Jara,1550349330,47094
X0472400A,Diana,Diez,Gisbert,1338248416,34950
26936017G,Jesús,Gibert,Guillén,1588867332,28260
S5978759H,César,Bermudez,Tamayo,1668678185,58915
Y3067880Q,Palmira,Morata,Pinilla,1289692166,45437
62693965J,Lorenzo,Ponce,Ramirez,1284282149,55886
N1707414G,Clemente,Tovar,Burgos,1409050779,58806
Y7938419Y,Yaiza,Aguiló,Mínguez,1694771462,20681
R5294909F,Marianela,Verdejo,Terrón,1429586672,41941
S8215422J,Lope,Ríos,Bernal,1520726703,45296
87111747Y,Severino,Cabezas,Cruz,1358021555,36444
99555202R,Che,Acero,Pujadas,1435861849,45695
93658505K,Marc,Bermejo,Andrés,1452397283,51241
C96072798,Vito,Zaragoza,Casal,1701329460,26311
Y1158867A,Amílcar,Carmona,Artigas,1425378643,36787
68294247W,Pablo,Coll,Gonzalo,1291029457,28298
C68900745,Morena,Amador,Goñi,1363111325,20978
X0014889P,Vicenta,Valera,Abella,1309574430,29342
Z8079353X,Benigna,Carballo,Clemente,1532155711,48896
49520961Y,Socorro,Ureña,Hierro,1310897256,57681
P1642674D,Encarna,Sans,Viñas,1699081213,46791
Y9622902S,Óscar,Oller,Leon,1431440906,31624
S5754359G,Ramón,Arce,Figuerola,1634952375,24775
Z2233646Y,Isaac,Nevado,Reina,1614311137,32606
Z7866981C,Guadalupe,Diéguez,Pont,1330272603,29575
X8106737L,Ariel,Piña,Matas,1500016324,31672
B71511810,Benigna,Merino,Solana,1317117667,51714
94354729N,Paco,Clavero,Vallejo,1660030467,56876
Z9249678A,Patricia,Villalonga,Grau,1522798810,40936
N6809325A,Agapito,Sainz,Solsona,1458942149,22445
32697047V,Ileana,Cabañas,Salvà,1372726544,59598
U9854695E,Roberta,Corral,Sanabria,1319621748,24657
Z5848162A,Azeneth,Colomer,Bertrán,1661549844,59377
54828085H,Carolina,Quintana,Dalmau,1605061348,57722
72373906J,José Manuel,Solera,Velázquez,1312551694,34270
35005482B,Renato,Vicente,Pou,1542167528,59216
Z9227254G,Eliana,Benavides,Berrocal,1296703518,47923
97750120M,Dorita,Arco,Moya,1433676417,44232
X3673211L,Fátima,Fuster,Ortuño,1413476820,22340
X6107295J,Alejo,Guerrero,Aller,1519766849,43761
J0914271B,María Fernanda,Valderrama,Carvajal,1540787511,27948
39357104X,Edu,Adán,Cerdán,1338333376,28466
53659611J,Toño,Aroca,Ortiz,1684623529,57886
N2746579H,Conrado,Acedo,Carballo,1554926056,46993
Z7695004Z,Hortensia,Parra,Mur,1587924359,34084
Y8874616B,Olegario,Escudero,Posada,1458673944,36407
R9850365I,Ángela,Tolosa,Elías,1614931537,39007
X5188027D,Leandro,Quero,Rozas,1348401799,25066
X9135068C,Isaac,Salvador,Tomás,1393074240,59231
A86446879,Chema,Gomez,Gargallo,1605959034,41449
U1729622I,Celso,Sevilla,Figueroa,1292442133,59371
U1549207G,Marciano,Cabrero,Arrieta,1477791180,29069
X7909513C,Cintia,Figueras,Company,1564589706,36111
70590557S,Guiomar,Palau,Pons,1538228649,42351
X5159018A,Severino,Mir,Nadal,1409865436,55835
54262005Z,Primitivo,Giralt,Soto,1369169957,39486
09092916G,Manola,Uribe,Grande,1463293701,58386
02575550X,Xavier,Perelló,Muro,1366293154,57377
X1829143E,Amado,Mendizábal,Busquets,1432767413,23095
20852937X,Etelvina,Pera,Tejera,1506175258,53448
45765695L,Joaquina,Portero,Gómez,1342024559,44618
X6229741F,Ciríaco,Barrena,Domingo,1340850515,39681
Q1274767A,Moisés,Exposito,Vera,1424415497,39719
V6790587G,Javier,Tapia,Sanz,1448185000,42247
C43927730,Pascual,Sainz,Escalona,1691271572,33719
Q0223252H,Antonio,Cañas,Guillén,1621587788,56312