PRJ-0001,Proactive system-wor,1649175575,1656419579,356625,Z7468360N
PRJ-0002,Universal reciprocal,1693790940,1712547986,428177,X6229741F
PRJ-0003,Synergized scalable ,1322396908,1359220251,172708,B74871690
PRJ-0004,Implemented contextu,1513781120,1523277946,171448,20089217M
PRJ-0005,Proactive content-ba,1335622934,1555793495,32157,V6790587G
PRJ-0006,User-centric user-fa,1372374929,1651596807,19818,X5188027D
PRJ-0007,Assimilated didactic,1458583183,1642337304,477723,Y7938419Y
PRJ-0008,Future-proofed clien,1269704948,1610732085,316984,99423749Q
PRJ-0009,Realigned mission-cr,1602629539,1683109058,37437,U3430389A
PRJ-0010,Centralized dedicate,1459963363,1570071522,121826,87690653W
PRJ-0011,Open-source interact,1657650265,1729970823,409404,79562974V
PRJ-0012,Polarized 4thgenerat,1654951767,1667178941,73586,J0914271B
PRJ-0013,Compatible solution-,1571763174,1663242771,218665,74801373Z
PRJ-0014,Reduced full-range i,1634679448,1684616952,198467,V6790587G
PRJ-0015,Versatile human-reso,1487449678,1590964722,253657,95983258A
PRJ-0016,Synergistic asynchro,1446433928,1560193832,133452,12476855E
PRJ-0017,Proactive composite ,1319623932,1691787644,425191,H55380570
PRJ-0018,Digitized explicit h,1556457577,1600833211,274687,F8525565A
PRJ-0019,Managed methodical m,1493409157,1536746331,371786,09278906Q
PRJ-0020,Stand-alone multimed,1407914761,1496010051,230122,21685561B
PRJ-0021,Ameliorated object-o,1603495869,1650969894,149373,E41669573
PRJ-0022,Face-to-face context,1271336478,1728433182,222113,39357104X
PRJ-0023,Proactive full-range,1549063716,1726623647,333364,54262005Z
PRJ-0024,Assimilated didactic,1588348274,1725090831,300013,39907431Q
PRJ-0025,Inverse value-added ,1627900183,1672701510,196917,Z2233646Y
PRJ-0026,Multi-channeled high,1364379560,1672881256,286301,45765695L
PRJ-0027,Down-sized bi-direct,1544964254,1569616166,404339,U9981927H
PRJ-0028,Universal foreground,1542234344,1611005127,48318,S4294180G
PRJ-0029,Reduced explicit mat,1374007341,1483587485,56495,60158177K
PRJ-0030,Inverse grid-enabled,1399618909,1466236357,51512,36391291R
PRJ-0031,Progressive mobile l,1275148812,1462726341,93673,C77987725
PRJ-0032,Customer-focused con,1623328357,1693632735,395017,S8197168A
PRJ-0033,Cross-platform mobil,1564043712,1722380499,254012,Q0445990E
PRJ-0034,Ameliorated zero adm,1461388597,1651806485,369685,93658505K
PRJ-0035,Cloned disintermedia,1698325773,1716459266,106389,A15441538
PRJ-0036,Phased 5thgeneration,1413133334,1706749525,499717,22727589R
PRJ-0037,Re-engineered high-l,1686089094,1689421670,294487,68294247W
PRJ-0038,Virtual stable capab,1393146623,1663992964,174141,99423749Q
PRJ-0039,De-engineered web-en,1500211010,1523489411,309004,Q3682758B
PRJ-0040,Quality-focused upwa,1326638102,1651023428,217501,N6809325A
PRJ-0041,Re-engineered contex,1573769472,1686128646,259701,Y4997652L
PRJ-0042,Exclusive context-se,1376633909,1634690375,105142,U9854695E
PRJ-0043,Team-oriented zero a,1388256262,1513296061,390522,54828085H
PRJ-0044,Synergized web-enabl,1301189483,1658452912,419634,N6565222D
PRJ-0045,Open-source well-mod,1596908017,1719491986,82465,P2943336D
PRJ-0046,Multi-channeled obje,1400286629,1457501836,170336,41782095L
PRJ-0047,Multi-channeled tert,1626766414,1654536831,358165,Z4770390B
PRJ-0048,Robust impactful dat,1621398246,1636379980,152235,49520961Y
PRJ-0049,Team-oriented zero t,1558029335,1617627843,484187,E76737832
PRJ-0050,Multi-lateral multi-,1448964908,1480228437,226087,X1959783E
PRJ-0051,Synergized fresh-thi,1384034999,1498488986,171995,Z7938748G
PRJ-0052,Grass-roots neutral ,1664176628,1713701617,282496,39907431Q
PRJ-0053,Centralized upward-t,1517259348,1656770911,74941,Y9117017S
PRJ-0054,Business-focused 5th,1312431893,1643980851,358461,90918441Q
PRJ-0055,Devolved impactful n,1605564038,1641873888,64796,J8400524H
PRJ-0056,Balanced high-level ,1355213590,1630758275,424100,Y8874616B
PRJ-0057,Proactive needs-base,1545910252,1547101574,58358,S6450646B
PRJ-0058,Digitized client-ser,1675348987,1720767822,110317,Z7948981W
PRJ-0059,Realigned logistical,1380197150,1424260122,263565,P2943336D
PRJ-0060,Operative grid-enabl,1582154744,1669783740,55802,53659611J
PRJ-0061,Integrated dynamic f,1688983407,1704957647,333511,96103965Y
PRJ-0062,Vision-oriented disi,1536731704,1557946370,316434,P9497125F
PRJ-0063,Streamlined local sy,1609085965,1726842753,484980,93973420C
PRJ-0064,Secured asynchronous,1652356048,1721257058,279112,54828085H
PRJ-0065,Operative client-ser,1397923460,1690846348,28835,N6565222D
PRJ-0066,Robust dynamic artif,1439069957,1545000966,133922,H85433530
PRJ-0067,Profound empowering ,1287000620,1370255889,426338,V9940011A
PRJ-0068,Advanced holistic me,1686495995,1693949470,30127,87492011B
PRJ-0069,Stand-alone reciproc,1293554585,1414126554,132540,B21347828
PRJ-0070,Synergized methodica,1646823253,1708699611,184597,45765695L
PRJ-0071,Advanced foreground ,1266041245,1574707414,257749,E41669573
PRJ-0072,Reverse-engineered 4,1332677188,1444270722,173757,V9960455E
PRJ-0073,Integrated 5thgenera,1532417125,1590802945,62250,22727589R
PRJ-0074,Persevering incremen,1355292772,1714098638,68273,X1959783E
PRJ-0075,Programmable radical,1331372887,1374973952,155032,Z5989749W
PRJ-0076,Up-sized transitiona,1687361935,1711899440,270738,74801373Z
PRJ-0077,Visionary fresh-thin,1384323036,1510810508,207855,Z6749408V
PRJ-0078,Reduced asynchronous,1563099661,1664490507,88062,S5978759H
PRJ-0079,User-friendly contex,1692704126,1701319671,475127,84087543A
PRJ-0080,Public-key 24/7 data,1431111987,1588878800,30426,Z7938748G
PRJ-0081,Streamlined context-,1670012131,1732124243,77435,W4480062A
PRJ-0082,Optional grid-enable,1277647457,1450476020,17936,75914732N
PRJ-0083,Innovative responsiv,1627563294,1722001092,132901,P6942358J
PRJ-0084,Optimized systemic a,1508641866,1648887357,62851,X7909513C
PRJ-0085,Universal bifurcated,1597849302,1712389472,209797,68467339L
PRJ-0086,Ameliorated high-lev,1599585508,1661186048,215556,54828085H
PRJ-0087,Automated next gener,1528107797,1697166539,122712,39357104X
PRJ-0088,Seamless multi-taski,1661837740,1707385546,132716,Z5848162A
PRJ-0089,Front-line impactful,1460677890,1535782888,382443,N6565222D
PRJ-0090,Multi-channeled maxi,1332966230,1592415335,291132,X0705939T
PRJ-0091,Reverse-engineered m,1460383992,1495080981,52721,Z0515099L
PRJ-0092,Total full-range tas,1418978580,1420352979,171214,37562038W
PRJ-0093,Ergonomic zero toler,1362298788,1453725686,168490,48559998Y
PRJ-0094,Object-based analyzi,1681166768,1682067862,138226,Q0223252H
PRJ-0095,Face-to-face multi-t,1289277434,1473215166,263152,X1868208X
PRJ-0096,Horizontal clear-thi,1337669435,1349435467,306789,R9850365I
PRJ-0097,Function-based scala,1362927686,1598110463,213414,37562038W
PRJ-0098,Enhanced object-orie,1440672322,1584653876,104068,74801373Z
PRJ-0099,User-friendly neutra,1263159008,1533516847,124755,C43927730
PRJ-0100,Centralized homogene,1625007098,1672259523,403812,D43956945
PRJ-0101,Seamless executive m,1307019121,1413144993,105243,X2965250K
PRJ-0102,Cloned non-volatile ,1456868682,1670868962,325527,75914732N
PRJ-0103,Fully-configurable s,1407030950,1502590634,190338,X2280842R
PRJ-0104,Optional multimedia ,1368975533,1432196398,440690,A65918567
PRJ-0105,Optimized incrementa,1298140748,1733018041,236201,Y4269914R
PRJ-0106,Monitored mission-cr,1385343517,1551643691,317608,49520961Y
PRJ-0107,Optional interactive,1386757291,1584790595,170114,X0705939T
PRJ-0108,Synergized systemic ,1341786063,1425805864,175545,Z6045426L
PRJ-0109,Cross-group systemic,1686574810,1700781036,32498,H03960390
PRJ-0110,Organic tangible neu,1333407028,1669744063,378430,Z6884410D
PRJ-0111,Expanded user-facing,1571356307,1640141446,271348,Y1965338W
PRJ-0112,Networked coherent i,1375865834,1583457640,214269,G26687368
PRJ-0113,Virtual mission-crit,1640689925,1723155959,233445,Z1431180X
PRJ-0114,User-friendly tangib,1299763351,1514893509,143846,Z7468360N
PRJ-0115,Reactive leadingedge,1356106994,1510033513,294530,X7806315T
PRJ-0116,Virtual 24hour websi,1543265847,1712439918,239410,Q0445990E
PRJ-0117,Optional real-time p,1374644293,1671249070,69066,F2476981B
PRJ-0118,Profit-focused optim,1351265530,1480682341,82586,S5348283B
PRJ-0119,Future-proofed grid-,1326112954,1560438435,10310,Y3983065P
PRJ-0120,Digitized disinterme,1677239596,1735667951,19782,V1903900G
PRJ-0121,Front-line 6thgenera,1647148742,1695363769,222079,X6107295J
PRJ-0122,Upgradable dedicated,1325633295,1521940601,438351,H55948046
PRJ-0123,Horizontal global ab,1468369985,1675010113,393518,05519863R
PRJ-0124,Customer-focused imp,1278707775,1553197955,226673,D03871464
PRJ-0125,Advanced heuristic i,1579269021,1689957232,147271,U3430389A
PRJ-0126,Proactive needs-base,1419087261,1442065251,482639,Z0348399T
PRJ-0127,Multi-channeled unif,1446445948,1689586400,168632,S5754359G
PRJ-0128,Grass-roots impactfu,1446530424,1634504611,47949,82002650Z
PRJ-0129,Polarized homogeneou,1419388335,1519306660,288616,41806501E
PRJ-0130,Cross-platform foreg,1331460010,1663207023,277743,S5978759H
PRJ-0131,Pre-emptive multi-st,1312862750,1431409267,403265,05519863R
PRJ-0132,Cross-platform grid-,1440679006,1552053889,350915,B74871690
PRJ-0133,Compatible mobile su,1273108644,1673065956,142014,Z7695004Z
PRJ-0134,Proactive composite ,1480749755,1701300933,403346,X0472400A
PRJ-0135,Devolved system-wort,1516522356,1718199041,380631,89093870N
PRJ-0136,Cloned multi-tasking,1493115116,1532880153,256168,P1642674D
PRJ-0137,Multi-layered motiva,1382323248,1425607521,225865,98573260K
PRJ-0138,Balanced even-keeled,1690016590,1726776923,62938,22727589R
PRJ-0139,Switchable asynchron,1550817739,1599863839,85832,Y9117017S
PRJ-0140,Organic logistical a,1278398932,1467885079,182305,U2621115A
PRJ-0141,Re-contextualized ze,1356572121,1424054628,120257,X6916586A
PRJ-0142,Exclusive logistical,1290309761,1713204468,322689,N7225052E
PRJ-0143,Reverse-engineered f,1504058965,1712494906,229455,U9981927H
PRJ-0144,Inverse zero-defect ,1368092588,1668631556,245126,72373906J
PRJ-0145,Customer-focused exp,1571111667,1623232056,119863,92701053J
PRJ-0146,Multi-tiered scalabl,1343881717,1650567736,482750,Z1408097L
PRJ-0147,Balanced transitiona,1665712552,1723723722,62458,79562974V
PRJ-0148,Decentralized missio,1469067686,1607658957,216763,E77776516
PRJ-0149,Digitized zero toler,1621275678,1711536320,39711,X5159018A
PRJ-0150,Total optimal info-m,1366980547,1448433148,204451,70693876H
PRJ-0151,Distributed bottom-l,1378496516,1554696381,177746,90252752Q
PRJ-0152,Operative secondary ,1494211271,1609342766,320510,X9135068C
PRJ-0153,Re-contextualized no,1301276852,1483055113,444925,95151097M
PRJ-0154,Universal uniform ma,1489164860,1507708331,435603,Q6079091B
PRJ-0155,Self-enabling static,1315270468,1683118448,257604,Z7948981W
PRJ-0156,Multi-layered asynch,1267513229,1380338984,40172,G26936039
PRJ-0157,Public-key systemic ,1561377983,1682441043,453572,J0914271B
PRJ-0158,Multi-layered 3rdgen,1529199523,1729715141,67236,79562974V
PRJ-0159,Persistent user-faci,1491893359,1611720349,451986,Z7207783W
PRJ-0160,Cross-platform analy,1631386805,1681524900,427170,Y4269914R
PRJ-0161,Optional dynamic cap,1292108796,1546269433,223977,18471493D
PRJ-0162,Focused bandwidth-mo,1425634912,1638200405,381597,X2051237M
PRJ-0163,Adaptive multimedia ,1417741448,1629940602,76374,92701053J
PRJ-0164,Phased 24hour knowle,1401441311,1670191209,317456,U8547194D
PRJ-0165,Optional high-level ,1263487754,1498030758,403112,74238924F
PRJ-0166,Mandatory multimedia,1424278151,1557242180,271405,90918441Q
PRJ-0167,Multi-channeled heur,1282997327,1511246511,216483,Q0445990E
PRJ-0168,Reduced upward-trend,1654457894,1721340135,395610,31289137Y
PRJ-0169,Function-based attit,1396286633,1651752522,394203,00481834F
PRJ-0170,Pre-emptive 5thgener,1494845191,1615050285,56010,X0705939T
PRJ-0171,Balanced solution-or,1530617450,1609518627,104426,F2476981B
PRJ-0172,Re-engineered interm,1658197769,1691376059,225634,D03871464
PRJ-0173,Integrated client-se,1392992967,1656870864,211438,36391291R
PRJ-0174,Assimilated multi-ta,1342190009,1424950227,462692,Z9920289A
PRJ-0175,Devolved mission-cri,1574303973,1660434402,86190,09278906Q
PRJ-0176,Versatile disinterme,1606243461,1709808858,455137,H78350956
PRJ-0177,Business-focused hyb,1449795579,1579642789,394452,35005482B
PRJ-0178,Versatile multi-task,1340386266,1690766825,382768,36442182Q
PRJ-0179,De-engineered scalab,1576666606,1698196061,456204,X7806315T
PRJ-0180,Up-sized interactive,1346806840,1476288957,374912,Z9249678A
PRJ-0181,Balanced reciprocal ,1305782927,1331459333,103447,63475266G
PRJ-0182,Reverse-engineered 2,1384996256,1480516863,366423,H78350956
PRJ-0183,Multi-lateral contex,1455142817,1661636737,415820,N7225052E
PRJ-0184,Open-architected neu,1564702743,1648408962,11870,45765695L
PRJ-0185,Intuitive object-ori,1438417139,1512195205,251138,92701053J
PRJ-0186,Upgradable neutral a,1404151735,1575021530,179252,U9854695E
PRJ-0187,Programmable eco-cen,1657937000,1697869195,243442,00598101D
PRJ-0188,Cross-group 5thgener,1426140278,1485028106,124304,Y7973466R
PRJ-0189,Team-oriented fault-,1289634533,1475424935,378784,37562038W
PRJ-0190,Multi-layered second,1612651620,1717889464,422168,32969852L
PRJ-0191,Fundamental bottom-l,1572036108,1678457836,193306,52653537M
PRJ-0192,Enterprise-wide even,1465776276,1535104388,471378,32969852L
PRJ-0193,Decentralized zero-d,1481218030,1710133181,327591,W4480062A
PRJ-0194,Synchronized mobile ,1526974040,1528768487,354285,Z7695004Z
PRJ-0195,Business-focused asy,1262678980,1734607028,230593,Z6045426L
PRJ-0196,Multi-layered system,1278731055,1476112749,243143,H85433530
PRJ-0197,Customer-focused neu,1438907968,1589906219,403307,Q1274767A
PRJ-0198,Up-sized intermediat,1519626945,1590330457,320409,Q1274767A
PRJ-0199,Robust actuating ben,1669832280,1699323864,450311,07719081M
PRJ-0200,Organic impactful ab,1448789399,1587993772,253550,94354729N
PRJ-0201,Fundamental scalable,1671754612,1729822264,245414,Y7973466R
PRJ-0202,Profound even-keeled,1700492968,1721142597,376597,X3236844P
PRJ-0203,Triple-buffered syst,1637522550,1710448451,232883,P1365546I
PRJ-0204,Multi-channeled miss,1289217988,1292121588,152979,X0442745H
PRJ-0205,Phased user-facing s,1579616436,1696595664,230789,P9497125F
PRJ-0206,Fundamental tertiary,1475686278,1695524885,398824,92701053J
PRJ-0207,Reverse-engineered h,1631414314,1644323217,359984,N3336373J
PRJ-0208,Centralized bandwidt,1368674128,1439536468,274215,Z6045426L
PRJ-0209,Operative motivating,1487772620,1529069268,391706,92701053J
PRJ-0210,Realigned 24hour mod,1545573833,1636513557,53226,Z1365483R
PRJ-0211,Face-to-face multi-s,1358615038,1513377889,426260,U1549207G
PRJ-0212,Inverse full-range f,1551551384,1620466188,136564,Q3682758B
PRJ-0213,Proactive zero-defec,1369859082,1637813319,138190,C45405131
PRJ-0214,Ergonomic local mode,1333912194,1690520434,475609,32969852L
PRJ-0215,Synergistic national,1438029866,1582428323,90214,U3430389A
PRJ-0216,Open-source multimed,1562983112,1719099177,353106,09442767W
PRJ-0217,Customizable radical,1688096781,1694616222,45565,06829623A
PRJ-0218,Distributed contextu,1495936086,1599484927,480023,90252752Q
PRJ-0219,Right-sized scalable,1525759841,1609044405,212171,09278906Q
PRJ-0220,Face-to-face actuati,1388230827,1433246528,53751,Q3942754G
PRJ-0221,Realigned web-enable,1369904547,1472077009,402014,E77776516
PRJ-0222,Visionary dedicated ,1427135185,1538001197,472775,87492011B
PRJ-0223,Streamlined multimed,1338222219,1686024627,288324,05401500L
PRJ-0224,Team-oriented well-m,1669951633,1685660262,83114,N5823054A
PRJ-0225,Inverse upward-trend,1554069144,1731664741,122923,N1707414G
PRJ-0226,Visionary systematic,1513398994,1647501858,171262,U4750387E
PRJ-0227,Face-to-face modular,1317665043,1400755362,405310,X0936636F
PRJ-0228,Re-contextualized mu,1423884651,1706909309,205810,U9280219H
PRJ-0229,Ergonomic user-facin,1284555854,1551109276,44616,78487998S
PRJ-0230,Progressive attitude,1291997899,1357394945,318550,R3046574D
PRJ-0231,Expanded grid-enable,1606090385,1627540953,17669,F5528122D
PRJ-0232,Cross-platform inter,1518468687,1685948587,414622,X7909513C
PRJ-0233,Adaptive stable time,1526743283,1708882097,232004,Q0223252H
PRJ-0234,Cross-group hybrid s,1597042335,1625153598,58167,Y9117017S
PRJ-0235,Managed grid-enabled,1313730513,1570368066,400564,Y2600362L
PRJ-0236,Integrated clear-thi,1364313659,1614144782,150959,V5260271A
PRJ-0237,Function-based 5thge,1532945188,1554220786,141687,Z5351189Z
PRJ-0238,Ameliorated full-ran,1630193697,1716332560,236443,93658505K
PRJ-0239,Up-sized systematic ,1574848007,1605158828,467667,Y7937847D
PRJ-0240,Extended fresh-think,1644954811,1656023453,45944,Y5554354Y
PRJ-0241,Balanced explicit pr,1578358990,1694575539,146610,Y7938419Y
PRJ-0242,Managed multimedia G,1647809415,1657358079,188958,32969852L
PRJ-0243,Streamlined clear-th,1410335240,1669409418,144749,84087543A
PRJ-0244,Digitized motivating,1671072576,1684051434,195577,Z0348399T
PRJ-0245,Integrated dedicated,1267391210,1404740819,112683,70693876H
PRJ-0246,Intuitive 24/7 archi,1609415382,1650956597,306639,31289137Y
PRJ-0247,Ameliorated modular ,1361667899,1471941094,35543,63475266G
PRJ-0248,Multi-layered static,1354971048,1360626286,355848,72373906J
PRJ-0249,Right-sized incremen,1398991531,1718276382,307216,P1365546I
PRJ-0250,Triple-buffered cont,1490899666,1596426261,180352,Z8666405X
PRJ-0251,Mandatory national L,1486571422,1552781514,394229,X7806315T
PRJ-0252,Optimized multi-task,1323705177,1527822167,19013,N5823054A
PRJ-0253,Progressive multimed,1531405998,1580766199,311245,Z7938748G
PRJ-0254,Switchable regional ,1293227013,1388189146,487972,J5711195G
PRJ-0255,Organic uniform mode,1434124448,1622709974,141044,A86446879
PRJ-0256,Realigned responsive,1280260438,1591576809,127426,X6107295J
PRJ-0257,Cross-platform 3rdge,1621466624,1711153920,213079,Q9315086J
PRJ-0258,Implemented grid-ena,1495786707,1621268151,159708,11890294F
PRJ-0259,Balanced explicit he,1286024429,1385271566,329188,26936017G
PRJ-0260,Compatible methodica,1474317859,1583245603,69075,Q1274767A
PRJ-0261,Open-architected loc,1508612915,1622007262,268552,S3467367C
PRJ-0262,Multi-channeled empo,1437297640,1475935472,385380,41782095L
PRJ-0263,Configurable stable ,1698116776,1707884964,474878,68294247W
PRJ-0264,Integrated motivatin,1633089431,1732092380,235255,52653537M
PRJ-0265,Realigned regional w,1634069302,1700029073,190373,H50436922
PRJ-0266,Monitored asymmetric,1324661773,1692340174,65915,Z9063015P
PRJ-0267,Automated web-enable,1303162498,1728617198,287357,99423749Q
PRJ-0268,Fully-configurable d,1583782922,1662527774,406123,X1749453G
PRJ-0269,Enterprise-wide dyna,1699125753,1704625694,266350,36467789R
PRJ-0270,Configurable holisti,1377893149,1527112309,393900,Z5989749W
PRJ-0271,Cross-group exuding ,1530439394,1633448374,357563,Y0000958Y
PRJ-0272,Total bifurcated Gra,1462404489,1709253197,374813,Z4801799W
PRJ-0273,Re-engineered discre,1651401439,1688190342,189068,D11885779
PRJ-0274,Robust foreground st,1343717503,1687902781,338676,W4480062A
PRJ-0275,Organic next generat,1351431648,1546980131,386325,70693876H
PRJ-0276,Seamless holistic ap,1645364884,1666855000,481018,53659611J
PRJ-0277,Realigned asynchrono,1290008969,1465391060,470724,C68900745
PRJ-0278,Networked empowering,1305532248,1676850412,386456,Y6935083E
PRJ-0279,Triple-buffered actu,1601596927,1679024304,358422,09442767W
PRJ-0280,Multi-tiered well-mo,1314255561,1650989636,59033,36391291R
PRJ-0281,Adaptive reciprocal ,1408125110,1632262460,277595,U8854156J
PRJ-0282,Open-source non-vola,1481104798,1517688424,98533,C96072798
PRJ-0283,Business-focused heu,1454127855,1548717173,121048,72373906J
PRJ-0284,Profit-focused hybri,1303197240,1667491591,203094,H18098012
PRJ-0285,Front-line systemic ,1517915786,1703706682,349254,18471493D
PRJ-0286,Triple-buffered fore,1346958687,1717745908,424088,U1549207G
PRJ-0287,Decentralized value-,1628668222,1726653243,195323,S8197168A
PRJ-0288,Operative demand-dri,1689905060,1721375477,78466,41806501E
PRJ-0289,Reactive optimizing ,1284868754,1330699103,387680,E76737832
PRJ-0290,Self-enabling dynami,1320915801,1430117687,235940,A65918567
PRJ-0291,Devolved 3rdgenerati,1345463295,1495462815,44527,S5348283B
PRJ-0292,Universal zero-defec,1313526922,1575635897,294251,N6565222D
PRJ-0293,De-engineered dedica,1406495583,1490550218,445964,P6942358J
PRJ-0294,Balanced object-orie,1370338506,1389071767,360683,22727589R
PRJ-0295,Multi-channeled mult,1549750257,1619297441,54589,32697047V
PRJ-0296,Customer-focused sol,1444049846,1626193853,362604,36391291R
PRJ-0297,Triple-buffered disc,1571819994,1627678329,222538,Y4269914R
PRJ-0298,Grass-roots leadinge,1447822904,1520197004,404629,X5159018A
PRJ-0299,Enhanced fresh-think,1664210063,1680009742,169963,39357104X
PRJ-0300,Mandatory grid-enabl,1530851405,1550944351,286709,H85433530
PRJ-0301,Advanced value-added,1273108655,1411838212,328459,32697047V
PRJ-0302,Assimilated optimizi,1387657912,1470042179,336243,Y8874616B
PRJ-0303,Universal 4thgenerat,1658053838,1675439972,393433,S8197168A
PRJ-0304,Multi-lateral user-f,1490505370,1621825431,397778,22727589R
PRJ-0305,Operative leadingedg,1271641347,1453336653,76349,X9330313H
PRJ-0306,Programmable next ge,1567437426,1708562678,438042,26936017G
PRJ-0307,Customizable hybrid ,1548104865,1653123437,181019,Z5351189Z
PRJ-0308,Inverse foreground p,1583888063,1696282548,418257,X9330313H
PRJ-0309,Reduced empowering a,1379584003,1527988108,440606,S8197168A
PRJ-0310,Operative multi-stat,1281694164,1628606907,211576,Z9227254G
PRJ-0311,Centralized global c,1500318627,1510122710,231376,P2480037G
PRJ-0312,Public-key radical a,1311423577,1372086667,379028,63593005Y
PRJ-0313,Quality-focused cont,1467314994,1639854272,139050,Y5191019W
PRJ-0314,Business-focused int,1552146414,1669879685,310424,W6181451C
PRJ-0315,Public-key radical s,1293711598,1472384495,251595,Z7938748G
PRJ-0316,Object-based web-ena,1441132528,1514466098,428597,48559998Y
PRJ-0317,Vision-oriented 4thg,1529515860,1596031618,451077,P8303829I
PRJ-0318,Digitized fresh-thin,1704042902,1731193922,438983,96978139L
PRJ-0319,User-centric web-ena,1428630911,1544972133,263832,S3467367C
PRJ-0320,Horizontal modular I,1577720029,1583069497,466412,Z6045426L
PRJ-0321,Streamlined value-ad,1493034873,1688531046,125511,41806501E
PRJ-0322,Versatile tangible p,1682581597,1730186952,231516,36467789R
PRJ-0323,Cross-platform secon,1298588369,1539728372,492990,02575550X
PRJ-0324,Business-focused att,1576214446,1635114049,253057,Z5351189Z
PRJ-0325,Fundamental regional,1530113011,1634689658,442547,Z5351189Z
PRJ-0326,Triple-buffered zero,1339866611,1373460645,263626,A53398061
PRJ-0327,Polarized mobile mod,1381159066,1428981528,100042,Z9063015P
PRJ-0328,Re-engineered client,1448838767,1665229032,292230,00481834F
PRJ-0329,Mandatory next gener,1591027042,1625392742,310744,D03871464
PRJ-0330,Cross-group scalable,1627488188,1656688401,300231,N2746579H
PRJ-0331,Diverse asymmetric s,1525661118,1722029764,268150,S3467367C
PRJ-0332,Optimized well-modul,1417948142,1517389004,449553,25701934D
PRJ-0333,Integrated modular a,1439517032,1715453291,145194,87111747Y
PRJ-0334,Proactive multi-stat,1346113195,1686664853,72987,87690653W
PRJ-0335,Re-engineered stable,1690385510,1696941480,184177,U9854695E
PRJ-0336,Centralized needs-ba,1688680725,1721357104,373566,72373906J
PRJ-0337,Right-sized 6thgener,1591974653,1663190969,93573,21724671K
PRJ-0338,Managed leadingedge ,1348124922,1469464294,66947,70693876H
PRJ-0339,Reduced optimal benc,1587867273,1621233716,27552,Y1965338W
PRJ-0340,Persevering coherent,1520455266,1731968784,216317,Z0951100D
PRJ-0341,Programmable recipro,1700118220,1700297531,86274,05401500L
PRJ-0342,Phased zero administ,1416670988,1526604830,380068,00481834F
PRJ-0343,Customer-focused int,1650854294,1656775019,225966,C68900745
PRJ-0344,Proactive directiona,1584828202,1726704650,347769,72373906J
PRJ-0345,Multi-lateral scalab,1584296902,1587202322,242952,P9497125F
PRJ-0346,Future-proofed dedic,1486658407,1722939808,213659,U9854695E
PRJ-0347,Grass-roots motivati,1350304502,1446665218,204337,X6229741F
PRJ-0348,Vision-oriented atti,1405966010,1571518073,380842,Q1274767A
PRJ-0349,Universal 24/7 struc,1632633249,1683434610,411972,80498063H
PRJ-0350,Exclusive 24hour dat,1613222652,1657045712,297676,X9330313H
PRJ-0351,De-engineered respon,1360444803,1517609849,82049,V9960455E
PRJ-0352,Synergized discrete ,1547877026,1606342363,246964,Y7937847D
PRJ-0353,Extended high-level ,1496049189,1589980256,462473,X1829143E
PRJ-0354,Right-sized tertiary,1424386797,1474450766,119514,N0742739F
PRJ-0355,Organized regional i,1318313818,1573501619,440439,Z6045426L
PRJ-0356,Visionary mobile sta,1457912835,1500569488,79002,X9330313H
PRJ-0357,Robust heuristic kno,1490550683,1533168480,361754,92701053J
PRJ-0358,Optimized explicit m,1483714850,1589306738,294076,V9940011A
PRJ-0359,Intuitive client-dri,1412009881,1518845585,178019,E41669573
PRJ-0360,Vision-oriented asym,1349868544,1455890084,94797,87690653W
PRJ-0361,Proactive tertiary s,1411413500,1466526512,225934,11890294F
PRJ-0362,Pre-emptive multimed,1561321709,1585997642,27404,Y8874616B
PRJ-0363,Versatile real-time ,1325292981,1724368880,324100,39907431Q
PRJ-0364,Centralized dynamic ,1504872059,1514558632,108007,35005482B
PRJ-0365,Streamlined holistic,1320049715,1526147360,388510,U4750387E
PRJ-0366,Inverse bandwidth-mo,1382761910,1418162745,99464,80498063H
PRJ-0367,Fundamental exuding ,1469008903,1552848170,216875,X0795826A
PRJ-0368,Optimized bifurcated,1676776071,1679521201,334535,J0914271B
PRJ-0369,Switchable executive,1398420929,1677700602,72551,Y7907922F
PRJ-0370,Innovative transitio,1696326427,1707123812,106878,X2051237M
PRJ-0371,Enhanced methodical ,1474814299,1608273263,248542,D26976654
PRJ-0372,Synergized needs-bas,1592615635,1628494375,427726,70693876H
PRJ-0373,Optimized analyzing ,1344488973,1426263762,307864,Y3271660Q
PRJ-0374,Profit-focused unifo,1645017894,1686960944,318429,G26936039
PRJ-0375,Triple-buffered 24/7,1508778829,1726618474,347489,Y0000958Y
PRJ-0376,Re-engineered transi,1688692536,1728893976,209018,47516448N
PRJ-0377,Versatile transition,1286687456,1609709863,313738,X0705939T
PRJ-0378,Public-key client-se,1338133020,1419472966,363915,S4294180G
PRJ-0379,Front-line hybrid de,1625340254,1627708292,495442,63593005Y
PRJ-0380,Seamless attitude-or,1652085359,1678844088,296559,Z5989749W
PRJ-0381,Proactive user-facin,1674570669,1698945858,149808,87111747Y
PRJ-0382,Progressive homogene,1322675529,1344974981,431604,G88706197
PRJ-0383,Managed system-worth,1543270283,1633087768,494780,23057101S
PRJ-0384,Networked non-volati,1497276426,1632048070,424798,Q0223252H
PRJ-0385,Distributed needs-ba,1552609291,1618155350,408195,Z7866981C
PRJ-0386,Intuitive high-level,1534297289,1661820627,262060,Z4972309J
PRJ-0387,Multi-tiered zero-de,1675449553,1713766676,302904,X0936636F
PRJ-0388,Re-contextualized de,1421820445,1644152058,499600,H18098012
PRJ-0389,Business-focused int,1312139421,1531140999,116702,Z4770390B
PRJ-0390,Customizable fault-t,1277775101,1713419379,470981,09278906Q
PRJ-0391,Synergistic asynchro,1587484183,1646121064,395099,38516791W
PRJ-0392,Profound composite s,1348984227,1483611897,278514,11890294F
PRJ-0393,Team-oriented tertia,1307510926,1375190584,95933,E21773999
PRJ-0394,Upgradable full-rang,1669031257,1708510159,301455,J8400524H
PRJ-0395,Digitized leadingedg,1323046336,1646625836,10699,D43956945
PRJ-0396,Cross-platform dedic,1633214212,1669598755,219256,X9135068C
PRJ-0397,Innovative next gene,1282099608,1730057725,296137,96867199P
PRJ-0398,Assimilated user-fac,1326489532,1710140830,425370,V1903900G
PRJ-0399,Persevering systemic,1556661604,1731524478,278098,93973420C
PRJ-0400,Up-sized zero-defect,1608715495,1663830805,466622,A86446879
PRJ-0401,Self-enabling recipr,1334598027,1467999408,319220,Q6079091B
PRJ-0402,Visionary systemic o,1502991146,1577220894,248906,S5754359G
PRJ-0403,Reduced contextually,1516978268,1521688561,273252,E21773999
PRJ-0404,Object-based tertiar,1466882896,1555646592,195531,Z0515099L
PRJ-0405,Profound modular mig,1702677224,1734009215,357423,12476855E
PRJ-0406,Synchronized 4thgene,1501340608,1650413591,250672,45765695L
PRJ-0407,Programmable logisti,1456436836,1660087577,60395,Q0445990E
PRJ-0408,Profit-focused grid-,1671788498,1701866203,381833,X2051237M
PRJ-0409,Organic explicit int,1537039418,1675772128,33669,57150698E
PRJ-0410,Exclusive systematic,1438305023,1719605636,191114,B21347828
PRJ-0411,Cloned 24hour utiliz,1544179853,1718710096,337016,60158177K
PRJ-0412,Implemented non-vola,1401032572,1402232484,266522,X2965250K
PRJ-0413,Front-line homogeneo,1403558179,1446996215,227020,90252752Q
PRJ-0414,Exclusive coherent k,1409491233,1726731228,136046,U9280219H
PRJ-0415,Versatile radical ap,1556487860,1702420602,317045,Y1158867A
PRJ-0416,Horizontal demand-dr,1677235175,1717094441,434281,Z6045426L
PRJ-0417,Balanced upward-tren,1267485793,1728722668,471819,26936017G
PRJ-0418,Expanded dedicated h,1316732553,1379015285,61457,21724671K
PRJ-0419,Programmable explici,1553677955,1719834559,345895,96103965Y
PRJ-0420,Right-sized tertiary,1533752934,1540255405,403294,07719081M
PRJ-0421,Visionary explicit a,1482637998,1591775261,18738,Y1965338W
PRJ-0422,Persistent hybrid co,1303514179,1441392058,467368,25701934D
PRJ-0423,Centralized disinter,1697899790,1698355400,19059,Z8610664K
PRJ-0424,Decentralized neutra,1474469467,1559904149,439598,72923960E
PRJ-0425,Enhanced asynchronou,1503214460,1665491580,142809,P1642674D
PRJ-0426,Configurable dedicat,1687578578,1735091531,351806,H55948046
PRJ-0427,Team-oriented needs-,1693892625,1715233324,460058,X9330313H
PRJ-0428,Organic real-time pr,1624412798,1624508184,137270,E41669573
PRJ-0429,Universal directiona,1495450743,1571506145,85273,Y7973466R
PRJ-0430,Cross-group discrete,1368032023,1418128838,228045,54262005Z
PRJ-0431,Intuitive regional s,1295113755,1718413726,30889,P6942358J
PRJ-0432,Multi-layered full-r,1384760005,1468886735,380713,90252752Q
PRJ-0433,Synergistic empoweri,1300836726,1314729659,442300,X3236844P
PRJ-0434,Distributed 4thgener,1527977572,1674170898,418047,84087543A
PRJ-0435,Re-contextualized st,1648863584,1719165983,339648,09442767W
PRJ-0436,Fundamental maximize,1660803332,1709192289,476378,63593005Y
PRJ-0437,Multi-layered disint,1694441043,1715324893,433760,G26936039
PRJ-0438,Centralized object-o,1348890650,1552131752,65304,S4767488B
PRJ-0439,Re-engineered needs-,1644780830,1685616325,312552,87111747Y
PRJ-0440,Versatile directiona,1510340156,1600219010,94894,87547199E
PRJ-0441,Synergistic real-tim,1687416953,1712257088,247159,Z6045426L
PRJ-0442,Right-sized leadinge,1416375291,1421365990,264931,70590557S
PRJ-0443,Reverse-engineered 6,1383017421,1675049144,326228,Z0348399T
PRJ-0444,Pre-emptive 24/7 ini,1428196567,1555820873,71788,68294247W
PRJ-0445,Balanced motivating ,1403330758,1692950936,257456,J5711195G
PRJ-0446,Diverse scalable com,1681599146,1690394656,450764,U1729622I
PRJ-0447,Polarized next gener,1544505708,1696024581,58413,Z7468360N
PRJ-0448,Stand-alone user-fac,1520702092,1704723980,95749,S3467367C
PRJ-0449,Customer-focused sys,1369295898,1684808011,448029,P1365546I
PRJ-0450,Persistent stable In,1641269536,1656742709,19891,Z9920289A
PRJ-0451,Decentralized object,1302565295,1709369666,491720,Y7907922F
PRJ-0452,Advanced impactful i,1540968223,1617518089,498472,16969719C
PRJ-0453,Implemented real-tim,1680540919,1727311356,271714,53659611J
PRJ-0454,Decentralized zero t,1684918187,1719835459,23760,Y8874616B
PRJ-0455,Compatible actuating,1419767573,1460796711,74157,X1829143E
PRJ-0456,Cross-platform conte,1679320998,1732991012,54365,06117142Q
PRJ-0457,Centralized bandwidt,1652712920,1658122171,143967,09729031P
PRJ-0458,Inverse fault-tolera,1396364898,1635031947,72562,U9280219H
PRJ-0459,Multi-layered bifurc,1305926283,1395626202,200540,Y4269914R
PRJ-0460,Optimized multimedia,1305618109,1684679107,453389,45765695L
PRJ-0461,Focused bifurcated s,1508243025,1589479469,467348,Y3983065P
PRJ-0462,Operative local benc,1558371040,1562245803,330591,87690653W
PRJ-0463,Synchronized modular,1476947721,1536147608,198587,95983258A
PRJ-0464,Phased attitude-orie,1631469361,1648675868,168824,X8106737L
PRJ-0465,Multi-layered 3rdgen,1562860408,1628464920,105681,Y7937847D
PRJ-0466,Digitized dedicated ,1695701658,1721937046,196967,26487121E
PRJ-0467,Future-proofed homog,1325340020,1412853454,114557,Z0515099L
PRJ-0468,Intuitive multi-task,1364785350,1633636209,251384,S3467367C
PRJ-0469,Compatible logistica,1263663366,1288539217,41244,Z7695004Z
PRJ-0470,Realigned value-adde,1629269924,1731881614,236141,F1114325B
PRJ-0471,Diverse responsive p,1558900031,1603035869,384836,Y0128025K
PRJ-0472,Focused clear-thinki,1511596955,1515366537,301382,N3336373J
PRJ-0473,Programmable holisti,1292772004,1464901446,362182,Z6884410D
PRJ-0474,Horizontal multi-tas,1690644680,1711902678,410210,33164668W
PRJ-0475,Persevering zero-def,1490329196,1669779229,61264,Y1158867A
PRJ-0476,User-centric interac,1506744282,1620471833,156720,Y7377440C
PRJ-0477,Synergized maximized,1698921999,1711186576,493634,68294247W
PRJ-0478,Reactive tangible pr,1468057466,1538384404,98970,Z1408097L
PRJ-0479,Public-key leadinged,1265527680,1409245041,309127,Y7377440C
PRJ-0480,Reactive systematic ,1464434937,1668434320,121271,21724671K
PRJ-0481,Quality-focused hybr,1502452041,1730117205,384110,45765695L
PRJ-0482,Cross-group radical ,1690251924,1691749859,219859,Z9227254G
PRJ-0483,Streamlined multimed,1564192751,1582056143,186390,X6214925A
PRJ-0484,Proactive methodical,1617617807,1620293928,145427,Q6731957D
PRJ-0485,Polarized transition,1450329508,1471258076,441377,93658505K
PRJ-0486,Horizontal zero-defe,1447535749,1499892765,409511,G26936039
PRJ-0487,Compatible didactic ,1299122541,1698954754,335899,53659611J
PRJ-0488,Decentralized backgr,1681769675,1720962906,493602,09729031P
PRJ-0489,Fundamental eco-cent,1668561809,1685794340,30670,93973420C
PRJ-0490,Organic human-resour,1366170620,1502718846,448353,48559998Y
PRJ-0491,Synergized bottom-li,1599386120,1638986046,265899,X0014889P
PRJ-0492,Vision-oriented exec,1555917172,1658512707,24042,N6809325A
PRJ-0493,Public-key attitude-,1385890790,1608012718,31149,V6790587G
PRJ-0494,Programmable uniform,1298114379,1554568277,267713,25701934D
PRJ-0495,Cross-platform disin,1372794404,1597690496,136348,87111747Y
PRJ-0496,Assimilated foregrou,1500301256,1644492591,111570,92701053J
PRJ-0497,Optional dedicated l,1515220364,1613603106,97622,H78350956
PRJ-0498,Re-contextualized re,1469482023,1563384157,312549,G26936039
PRJ-0499,Cross-group eco-cent,1330730550,1526157300,344179,C77987725
PRJ-0500,Stand-alone solution,1409095169,1449314185,406266,X6101909D
